{
  "_valid_processor_keys": [
    "images",
    "do_resize",
    "size",
    "resample",
    "do_rescale",
    "rescale_factor",
    "do_normalize",
    "image_mean",
    "image_std",
    "return_tensors",
    "data_format",
    "input_data_format"
  ],
  "do_normalize": true,
  "do_rescale": true,
  "do_resize": true,
  "image_mean": [
    0.485,
    0.456,
    0.406
  ],
  "image_processor_type": "ViTImageProcessor",
  "image_std": [
    0.229,
    0.224,
    0.225
  ],
  "resample": 3,
  "rescale_factor": 0.00392156862745098,
  "size": {
    "height": 256,
    "width": 256
  }
}
